{
    "learning_rate": 0.09710980327304045,
    "depth": 5,
    "l2_leaf_reg": 2.423495916910688,
    "random_strength": 0.0038392488761262544
}