{
    "learning_rate": 0.1786258510324124,
    "depth": 4,
    "l2_leaf_reg": 1.0596680181216467,
    "random_strength": 0.009191390961321494
}